{"accuracy": [0.026324236765503883, 0.04622792825102806, 0.0760834664106369, 0.10690208524465561, 0.1341894119977951, 0.19839486479759216, 0.23595505952835083, 0.28828251361846924, 0.34863564372062683, 0.4121990501880646, 0.4581059515476227, 0.5014446377754211, 0.5550561547279358, 0.5675762295722961, 0.6166934370994568, 0.6593900322914124, 0.6642054319381714, 0.6850722432136536, 0.7117174863815308, 0.7325842976570129, 0.7528089880943298, 0.7640449404716492, 0.7826645374298096, 0.7813804149627686, 0.800000011920929, 0.8163723945617676, 0.8099518418312073, 0.8208667635917664, 0.8263242244720459, 0.8279293775558472], "loss": [10.933809280395508, 4.004631042480469, 3.7046351432800293, 3.8719396591186523, 4.677619934082031, 3.3284740447998047, 3.543468713760376, 3.6627979278564453, 2.908846855163574, 2.527620792388916, 2.391864776611328, 2.4161343574523926, 1.8270410299301147, 2.582260847091675, 1.8563249111175537, 1.6235466003417969, 1.749213457107544, 1.3978348970413208, 1.4748069047927856, 1.191568374633789, 1.2020916938781738, 1.1625972986221313, 1.089298129081726, 1.076348066329956, 1.0293420553207397, 1.0008838176727295, 1.085736870765686, 0.9702243208885193, 0.9807586669921875, 1.2850720882415771], "val_accuracy": [0.03703703731298447, 0.09686609357595444, 0.05982905998826027, 0.16809116303920746, 0.3105413019657135, 0.3532763421535492, 0.36752137541770935, 0.2450142502784729, 0.5954415798187256, 0.3390313386917114, 0.6296296119689941, 0.68660968542099, 0.7435897588729858, 0.7094017267227173, 0.8005697727203369, 0.7578347325325012, 0.7891737818717957, 0.6980056762695312, 0.8717948794364929, 0.7948718070983887, 0.8347578644752502, 0.8888888955116272, 0.8319088220596313, 0.874643862247467, 0.8262107968330383, 0.9116809368133545, 0.8945869207382202, 0.9059829115867615, 0.5213675498962402, 0.9259259104728699], "val_loss": [5.773728370666504, 3.455160617828369, 4.150865077972412, 3.361874580383301, 2.907804489135742, 2.648066520690918, 2.5915307998657227, 6.288705825805664, 2.1958673000335693, 3.8273749351501465, 1.7922533750534058, 1.6964794397354126, 1.6778594255447388, 1.7705438137054443, 1.3561615943908691, 1.6267062425613403, 1.3963909149169922, 2.3768551349639893, 1.6451250314712524, 1.8629090785980225, 1.4655909538269043, 1.332478642463684, 1.3516850471496582, 1.4722119569778442, 1.5511977672576904, 1.4098879098892212, 2.1548759937286377, 1.202188491821289, 9.272919654846191, 1.812320590019226]}